,Unnamed: 0,track_id,added_at
0,0,bd41c80d,2025-04-10 08:55:32+00:00
1,1,9d2c26f5,2018-12-22 13:26:45+00:00
2,2,3e011ca4,2020-04-28 01:59:19+00:00
3,3,2023b825,2020-07-31 06:14:40+00:00
4,4,0e265b08,2023-02-26 08:34:00+00:00
5,5,c7ed570b,2018-10-06 08:56:46+00:00
6,6,079f7e21,2020-10-01 08:42:21+00:00
7,7,d2bd20d7,2021-04-30 16:51:22+00:00
8,8,56c1ed38,2024-08-30 17:20:49+00:00
9,9,dad345b0,2021-07-09 06:46:39+00:00
10,10,045b564f,2018-10-06 08:56:46+00:00
11,11,125026a4,2018-12-28 06:22:15+00:00
12,12,a1af1ab9,2024-08-12 12:14:58+00:00
13,13,6b1e0c2e,2020-02-03 08:43:11+00:00
14,14,4f535403,2023-06-30 16:24:04+00:00
15,15,cf596904,2018-12-22 13:26:45+00:00
16,16,74dedc53,2024-08-21 14:51:32+00:00
17,17,a3c2ba16,2020-01-31 15:09:33+00:00
18,18,ab62483e,2023-12-20 07:33:57+00:00
19,19,bacf1ab2,2022-06-14 18:22:01+00:00
20,20,526d9d26,2023-07-12 03:24:08+00:00
21,21,e304fbaf,2025-04-29 07:22:40+00:00
22,22,8f1ff697,2024-03-27 05:35:18+00:00
23,23,9288ce1c,2023-08-10 10:37:37+00:00
24,24,13fe5d6e,2021-08-30 12:04:22+00:00
25,25,c27ea3ea,2024-05-03 17:21:23+00:00
26,26,63e56bc5,2020-02-28 08:05:33+00:00
27,27,833b021b,2025-10-06 02:27:25+00:00
28,28,e51be142,2018-12-28 06:22:15+00:00
29,29,249bdb28,2025-08-17 12:29:19+00:00
30,30,3f6f8a4e,2024-04-28 17:13:13+00:00
31,31,87153b0e,2023-03-23 06:52:28+00:00
32,32,49055977,2023-07-06 04:28:33+00:00
33,33,8d94d1d0,2020-06-27 03:57:05+00:00
34,34,63c79cd4,2025-12-23 06:42:36+00:00
35,35,bc3d9f5b,2023-05-20 07:33:13+00:00
36,36,90bd2653,2023-11-09 18:04:09+00:00
37,37,6e967b2a,2021-02-28 16:25:25+00:00
38,38,e248cd16,2021-05-07 13:35:49+00:00
39,39,9c458ffb,2020-12-31 01:51:00+00:00
40,40,dc5b7c37,2020-11-18 12:58:07+00:00
41,41,4fe0abce,2024-11-21 08:00:39+00:00
42,42,fb9828b5,2020-02-14 07:08:20+00:00
43,43,26b6e3fe,2021-07-23 13:01:37+00:00
44,44,e3899435,2021-07-14 12:51:01+00:00
45,45,ab0e8725,2019-12-18 01:38:37+00:00
46,46,65c827cb,2018-10-06 08:56:46+00:00
47,47,ceebde75,2024-05-08 09:28:55+00:00
48,48,922fb7d0,2021-06-22 16:11:13+00:00
49,49,e5135d4c,2021-05-27 16:55:52+00:00
50,50,3e7129b4,2025-11-02 05:22:02+00:00
51,51,90a996bf,2022-05-19 12:34:53+00:00
52,52,dce7cb29,2018-10-06 08:56:46+00:00
53,53,b5902e5d,2022-02-25 08:35:37+00:00
54,54,3f4ee4e0,2022-04-27 09:50:19+00:00
55,55,987aedfb,2020-03-07 07:15:04+00:00
56,56,3c6c509d,2023-11-02 13:35:26+00:00
57,57,b20ced74,2023-02-15 18:00:12+00:00
58,58,1eae20ee,2024-12-19 09:19:43+00:00
59,59,3e28dcdb,2020-01-23 16:51:54+00:00
60,60,d86840f6,2024-10-22 06:28:58+00:00
61,61,12d78ff9,2020-09-12 11:49:06+00:00
62,62,4aa54e90,2024-12-15 12:39:30+00:00
63,63,74c9df33,2020-06-12 15:28:47+00:00
64,64,16837001,2022-09-23 13:31:49+00:00
65,65,c9e8c307,2024-04-09 13:59:48+00:00
66,66,23e3390e,2021-07-08 16:23:05+00:00
67,67,88a70203,2020-03-06 04:22:15+00:00
68,68,188de68f,2019-11-15 15:58:47+00:00
69,69,f2070472,2021-11-21 10:34:37+00:00
70,70,656bc009,2024-10-15 18:55:47+00:00
71,71,ef42a4d7,2024-02-09 07:42:42+00:00
72,72,fa1853b9,2020-08-29 09:33:32+00:00
73,73,f2c4e020,2020-08-17 07:35:55+00:00
74,74,5f00dcb1,2022-07-11 09:57:50+00:00
75,75,241ed6d3,2023-06-12 07:07:01+00:00
76,76,92f9b76a,2024-01-21 06:12:57+00:00
77,77,0bb58b15,2018-12-22 13:26:45+00:00
78,78,e9b3d942,2021-07-23 05:56:21+00:00
79,79,869a2e43,2021-02-28 16:27:45+00:00
80,80,b9ada4c6,2021-08-30 15:22:59+00:00
81,81,767c2d5b,2021-06-25 06:55:59+00:00
82,82,d418c542,2021-04-03 07:29:53+00:00
83,83,ebae357d,2020-01-29 15:04:02+00:00
84,84,642c1d89,2018-10-06 08:56:46+00:00
85,85,78501fb6,2019-09-10 00:32:31+00:00
86,86,e081a1c1,2019-12-08 08:17:22+00:00
87,87,1d3b0881,2020-05-23 15:28:45+00:00
88,88,381ab9a2,2019-10-26 04:15:56+00:00
89,89,d74a3f60,2021-08-26 14:00:52+00:00
90,90,c61e152e,2019-11-01 06:47:51+00:00
91,91,1f71d6f6,2018-11-17 06:34:47+00:00
92,92,b1af3dda,2021-06-06 03:33:44+00:00
93,93,fc8d65f6,2025-03-18 13:50:50+00:00
94,94,fd27c6ab,2024-10-10 07:26:20+00:00
95,95,af9af6a9,2021-10-10 15:20:11+00:00
96,96,334e2ee8,2019-12-01 14:34:15+00:00
97,97,56cfb581,2024-04-09 14:06:02+00:00
98,98,7ce66901,2018-12-28 06:22:15+00:00
99,99,f23de3ed,2023-05-09 10:54:45+00:00
100,100,55b77ea2,2020-12-03 12:26:47+00:00
101,101,195b01d8,2022-06-04 16:22:23+00:00
102,102,07a6fd6a,2019-09-07 07:05:53+00:00
103,103,721c0af5,2020-02-20 13:30:05+00:00
104,104,35482736,2022-01-19 13:18:42+00:00
105,105,6bd9dc68,2022-06-09 13:39:27+00:00
106,106,436edd06,2025-03-22 16:07:39+00:00
107,107,4e977f83,2023-10-09 15:10:09+00:00
108,108,eb593eef,2025-08-20 06:11:33+00:00
109,109,25a8cb97,2020-12-05 08:11:00+00:00
110,110,b5eb75f8,2021-03-04 16:02:46+00:00
111,111,0422246d,2023-03-15 16:30:20+00:00
112,112,287f39c5,2023-09-17 06:10:22+00:00
113,113,90ab6ce5,2018-10-06 08:56:46+00:00
114,114,7e9430be,2021-08-11 15:30:47+00:00
115,115,307fa7cf,2020-07-21 08:55:54+00:00
116,116,5aee56c9,2023-01-26 15:16:45+00:00
117,117,2f5ebd06,2023-05-08 07:01:12+00:00
118,118,fcfb607b,2021-11-05 06:38:25+00:00
119,119,6574d34c,2023-02-11 08:04:10+00:00
120,120,8213b47b,2025-09-01 13:16:10+00:00
121,121,f0611f25,2025-12-17 09:09:27+00:00
122,122,4f5d54bb,2021-04-08 12:41:45+00:00
123,123,a40039b7,2023-02-11 05:50:10+00:00
124,124,99c9022e,2024-03-14 17:26:13+00:00
125,125,f3cced85,2020-04-13 08:57:31+00:00
126,126,d7b1b96d,2024-01-28 10:54:43+00:00
127,127,b0d92d2f,2023-06-11 05:27:22+00:00
128,128,9efac462,2023-06-11 04:59:48+00:00
129,129,ca78dc92,2022-09-03 07:56:00+00:00
130,130,ad7438e0,2020-08-16 12:58:56+00:00
131,131,1985ccf8,2025-02-21 17:34:32+00:00
132,132,969cca5c,2021-06-26 10:45:06+00:00
133,133,5f5d22c1,2024-12-29 17:44:59+00:00
134,134,34b803a5,2020-09-19 02:05:09+00:00
135,135,464b9fdf,2023-11-20 17:07:38+00:00
136,136,8f391dcc,2021-06-09 01:31:48+00:00
137,137,5623a559,2020-12-28 03:05:47+00:00
138,138,e5c21967,2023-05-14 09:00:00+00:00
139,139,e0273138,2018-04-12 11:39:46+00:00
140,140,b2e3309b,2024-05-03 17:25:18+00:00
141,141,25e01ed4,2022-08-31 13:13:16+00:00
142,142,1bffe953,2021-07-28 15:31:52+00:00
143,143,38a8b077,2021-05-22 17:17:58+00:00
144,144,19f21fdb,2023-09-27 04:52:41+00:00
145,145,22148680,2025-07-10 06:21:28+00:00
146,146,4e68433c,2025-11-28 02:59:25+00:00
147,147,5766cc73,2020-12-26 13:41:14+00:00
148,148,552ba9e3,2025-10-15 14:48:58+00:00
149,149,a213d25b,2023-10-31 10:02:41+00:00
150,150,c86d97cd,2020-11-17 01:40:17+00:00
151,151,e100df8f,2023-08-17 11:05:29+00:00
152,152,4921c561,2018-10-06 08:56:46+00:00
153,153,c78b76d7,2025-09-09 17:38:58+00:00
154,154,95a8f1fb,2021-10-01 14:40:45+00:00
155,155,ebc27d6c,2018-10-06 08:56:46+00:00
156,156,c06c2cac,2024-08-06 13:44:15+00:00
157,157,751f18ed,2025-04-06 12:34:37+00:00
158,158,a29113f5,2018-04-12 11:39:46+00:00
159,159,2b6450a1,2024-05-31 16:25:28+00:00
160,160,b199cb1c,2024-10-07 12:43:45+00:00
161,161,071cdaea,2018-12-22 13:26:45+00:00
162,162,59563cfe,2019-12-11 12:29:09+00:00
163,163,8f7eac84,2024-11-06 11:13:42+00:00
164,164,ecd39588,2024-02-08 11:03:01+00:00
165,165,5d279b1a,2018-12-19 11:59:00+00:00
166,166,05834414,2022-04-02 10:01:21+00:00
167,167,cd209864,2019-09-04 08:17:19+00:00
168,168,d47d37d8,2022-03-25 13:46:40+00:00
169,169,6777341f,2018-12-28 06:22:15+00:00
170,170,5f9b2b71,2024-05-08 10:58:56+00:00
171,171,c7bc66e6,2021-05-18 07:23:45+00:00
172,172,a918ea9b,2021-09-24 15:12:12+00:00
173,173,22f579f6,2021-02-06 12:43:02+00:00
174,174,bba6a35a,2024-08-26 19:40:46+00:00
175,175,4932fa6b,2023-01-06 08:31:08+00:00
176,176,94c81cca,2024-09-26 17:06:33+00:00
177,177,f821671b,2020-01-04 06:18:18+00:00
178,178,02fa35d9,2023-11-10 13:51:15+00:00
179,179,a42a1d06,2024-10-10 07:09:13+00:00
180,180,a154dee2,2021-05-07 11:15:20+00:00
181,181,bfdc327c,2023-02-26 06:53:15+00:00
182,182,684a5942,2020-03-12 13:38:02+00:00
183,183,b9674c27,2023-11-22 15:00:43+00:00
184,184,bee7934f,2021-08-28 07:32:32+00:00
185,185,e3b7fa2e,2024-03-14 14:44:41+00:00
186,186,0c932397,2020-01-25 01:49:30+00:00
187,187,1d01e299,2023-08-16 13:35:53+00:00
188,188,e9850186,2023-04-28 16:04:13+00:00
189,189,cdee0e29,2023-02-25 05:47:37+00:00
190,190,f3b545e6,2021-10-05 12:01:22+00:00
191,191,d55a521f,2020-05-01 06:10:52+00:00
192,192,1b3bf0da,2019-11-10 16:08:11+00:00
193,193,b52c5550,2025-03-15 15:11:46+00:00
194,194,0b153bfe,2025-04-26 04:26:38+00:00
195,195,2926b8fd,2020-07-26 01:12:18+00:00
196,196,f6571639,2021-03-08 07:42:03+00:00
197,197,5f47a203,2023-11-29 19:25:36+00:00
198,198,a8e0f304,2021-01-05 12:41:11+00:00
199,199,b990a383,2024-05-06 06:07:33+00:00
200,200,af8cb4d0,2018-12-22 13:26:45+00:00
201,201,c007cc56,2021-08-13 09:55:05+00:00
202,202,b3a33c58,2022-05-26 03:36:47+00:00
203,203,f4402cba,2023-12-02 09:10:25+00:00
204,204,4e8ca6d2,2025-01-16 17:06:50+00:00
205,205,c7bae03a,2024-12-16 06:08:29+00:00
206,206,927a667e,2020-01-24 07:41:25+00:00
207,207,ed77e178,2020-08-19 02:08:30+00:00
208,208,0db52f06,2018-12-22 13:26:45+00:00
209,209,e46fc215,2021-03-12 05:57:12+00:00
210,210,8e8608cd,2021-07-20 05:38:53+00:00
211,211,12085517,2024-11-18 19:25:25+00:00
212,212,a631f8b1,2020-12-22 14:46:13+00:00
213,213,6157d24a,2023-09-07 06:20:20+00:00
214,214,2c420c9b,2022-10-04 14:14:55+00:00
215,215,b185045e,2018-11-26 15:57:20+00:00
216,216,39dab55d,2018-10-06 08:56:46+00:00
217,217,8621dcc6,2020-08-20 08:08:41+00:00
218,218,cf4e1458,2019-10-23 02:22:33+00:00
219,219,8cc3aa1f,2020-11-15 04:52:53+00:00
220,220,d1560cc3,2021-07-31 07:30:25+00:00
221,221,bcb96037,2018-10-06 08:56:46+00:00
222,222,1dcdce16,2025-10-11 15:39:16+00:00
223,223,00f79916,2021-09-13 08:04:20+00:00
224,224,76121b03,2021-08-14 09:41:37+00:00
225,225,0c8bb8c6,2023-11-07 16:30:10+00:00
226,226,547bd351,2023-03-19 16:00:11+00:00
227,227,64581b9c,2018-12-28 06:22:15+00:00
228,228,0cbeb0a3,2021-09-13 04:05:13+00:00
229,229,81f1bc18,2021-08-04 05:43:22+00:00
230,230,654b30cb,2022-05-21 15:26:17+00:00
231,231,433cad94,2023-02-25 04:51:17+00:00
232,232,7113ecb0,2021-08-21 06:32:29+00:00
233,233,258ff865,2020-01-29 15:04:04+00:00
234,234,8f967108,2023-12-20 15:19:51+00:00
235,235,489fe328,2025-01-25 14:24:11+00:00
236,236,908e4a03,2019-10-26 06:22:56+00:00
237,237,70671322,2020-01-31 15:08:28+00:00
238,238,9d7294ca,2021-11-08 10:09:04+00:00
239,239,052bfc0c,2025-01-14 15:57:23+00:00
240,240,83e0d70f,2024-03-24 05:07:13+00:00
241,241,bd50ba70,2020-03-07 04:59:27+00:00
242,242,f6ddca72,2021-09-01 01:07:55+00:00
243,243,d9dbb73b,2024-03-13 07:31:21+00:00
244,244,aaa8aae4,2020-07-04 14:48:13+00:00
245,245,9736f615,2020-12-28 14:00:06+00:00
246,246,ddda6823,2019-12-06 13:39:06+00:00
247,247,4c89fc93,2021-08-08 15:00:18+00:00
248,248,2c82291c,2023-07-26 16:12:39+00:00
249,249,f1bfc063,2020-02-27 08:42:41+00:00
250,250,92222479,2023-06-12 04:30:20+00:00
251,251,e891cc0d,2019-11-20 09:43:29+00:00
252,252,5290623d,2020-10-06 13:57:11+00:00
253,253,5b7ac4e5,2020-03-11 09:56:02+00:00
254,254,9395e265,2020-02-02 08:36:17+00:00
255,255,a709c762,2020-02-14 01:57:02+00:00
256,256,8b3ff010,2018-04-12 11:39:46+00:00
257,257,7a527e45,2020-02-27 08:53:09+00:00
258,258,f3b12903,2025-08-18 06:49:16+00:00
259,259,38cdb1e3,2022-02-05 08:56:59+00:00
260,260,2e6ff162,2021-09-27 06:23:01+00:00
261,261,9a649ae7,2023-07-14 08:07:38+00:00
262,262,a24d445c,2023-03-03 09:54:34+00:00
263,263,437d9239,2020-01-30 03:18:48+00:00
264,264,f131a261,2020-01-23 08:24:56+00:00
265,265,afd89f70,2024-07-18 05:51:26+00:00
266,266,82a1fd1e,2020-09-24 10:19:04+00:00
267,267,5a41f443,2024-10-02 11:59:53+00:00
268,268,4e0e3886,2020-11-16 16:37:55+00:00
269,269,9ad18272,2024-12-30 09:32:02+00:00
270,270,4b5c666e,2018-11-24 06:46:54+00:00
271,271,3e3b1087,2025-05-16 18:17:39+00:00
272,272,3c228c87,2025-12-10 05:57:34+00:00
273,273,98916d9e,2018-10-06 08:56:46+00:00
274,274,992c2e33,2024-07-13 10:05:52+00:00
275,275,d20dfdae,2025-02-08 15:33:44+00:00
276,276,967228ad,2026-01-02 06:49:17+00:00
277,277,cf416135,2024-08-30 17:55:19+00:00
278,278,e5f4ae76,2021-08-15 14:54:15+00:00
279,279,78e92d76,2021-11-06 03:08:57+00:00
280,280,da48316c,2025-03-09 04:37:15+00:00
281,281,97b10859,2020-01-20 03:29:24+00:00
282,282,0885316c,2022-09-19 02:33:37+00:00
283,283,3962c04e,2020-08-25 04:20:23+00:00
284,284,8f1be62d,2024-12-30 13:38:31+00:00
285,285,2d8e7a4a,2019-11-16 04:42:44+00:00
286,286,f1e5c4dc,2024-05-21 16:40:32+00:00
287,287,be7e7e70,2023-11-02 07:30:36+00:00
288,288,f5100138,2019-10-26 03:47:08+00:00
289,289,00191857,2021-03-19 14:59:14+00:00
290,290,0381ff4a,2021-06-17 16:21:21+00:00
291,291,a2161bfa,2025-06-12 17:14:18+00:00
292,292,543421ea,2022-10-19 13:06:05+00:00
293,293,f22e1fcb,2022-10-19 13:06:00+00:00
294,294,cb655f97,2021-03-05 16:22:40+00:00
295,295,924d0145,2023-07-07 16:59:03+00:00
296,296,6091cef7,2021-10-23 05:20:11+00:00
297,297,ec79e9f6,2025-01-16 15:12:29+00:00
298,298,0bdfd887,2021-04-11 07:54:01+00:00
299,299,82799695,2025-08-28 08:09:05+00:00
300,300,30ae33b3,2021-09-13 07:52:01+00:00
301,301,1167db8b,2021-05-03 06:50:59+00:00
302,302,fda10bc7,2020-12-27 16:45:50+00:00
303,303,2a81a76d,2023-03-06 08:46:17+00:00
304,304,884bbd49,2023-06-10 17:11:00+00:00
305,305,d57e8256,2025-01-24 08:39:28+00:00
306,306,010fe412,2023-05-08 07:30:00+00:00
307,307,4c7b07ba,2024-08-02 12:54:25+00:00
308,308,76fa94ce,2021-01-05 12:43:28+00:00
309,309,2f520594,2021-11-09 16:28:08+00:00
310,310,c6112d74,2021-08-31 06:12:45+00:00
311,311,b8267c95,2020-12-03 07:00:34+00:00
312,312,c9e77d90,2022-06-14 17:37:26+00:00
313,313,457b1198,2024-08-25 15:35:25+00:00
314,314,fd97a573,2020-06-26 13:51:51+00:00
315,315,86db7eb8,2021-07-15 12:53:10+00:00
316,316,56315274,2023-07-07 14:07:02+00:00
317,317,bafcedd4,2020-06-25 04:10:25+00:00
318,318,58e617db,2024-05-06 06:42:57+00:00
319,319,266a9334,2021-07-15 12:53:22+00:00
320,320,123dd56d,2025-10-03 06:51:56+00:00
321,321,550d3094,2021-10-22 06:33:32+00:00
322,322,4518642c,2021-06-05 15:30:15+00:00
323,323,d3fc469c,2021-07-22 07:02:39+00:00
324,324,b32f04dc,2023-06-07 04:54:07+00:00
325,325,79b0ae33,2020-02-09 09:10:58+00:00
326,326,47556aa3,2023-04-01 13:12:46+00:00
327,327,84d47873,2024-04-16 05:08:43+00:00
328,328,244eda26,2023-02-15 08:50:21+00:00
329,329,9c883b0c,2021-05-12 14:29:42+00:00
330,330,41aefc30,2024-07-20 12:28:54+00:00
331,331,e652c0b7,2021-11-09 16:27:53+00:00
332,332,5011b894,2025-08-29 05:48:05+00:00
333,333,80b81a22,2020-02-01 05:23:46+00:00
334,334,9b38603c,2024-06-15 11:42:21+00:00
335,335,fed558d0,2023-12-19 09:01:50+00:00
336,336,4e7e01c2,2022-05-30 07:38:03+00:00
337,337,e339e943,2022-05-11 12:37:58+00:00
338,338,5a693e84,2022-02-02 13:10:48+00:00
339,339,757434e9,2020-03-02 08:14:44+00:00
340,340,45a934c7,2018-12-28 06:22:15+00:00
341,341,eacb210e,2018-12-19 12:17:17+00:00
342,342,64257193,2019-08-28 14:03:22+00:00
343,343,aea3dc13,2022-04-21 09:20:04+00:00
344,344,3264c2a4,2018-12-28 06:22:15+00:00
345,345,3aebc04b,2022-12-17 07:07:02+00:00
346,346,3de647c8,2018-12-22 13:26:45+00:00
347,347,154f7ebf,2020-02-11 02:11:41+00:00
348,348,23fc58b8,2025-04-26 12:15:31+00:00
349,349,745a51c3,2020-08-16 13:06:36+00:00
350,350,7f3cf142,2020-02-07 13:06:17+00:00
351,351,058f3dda,2022-02-15 16:04:16+00:00
352,352,8a210d28,2025-08-28 05:57:30+00:00
353,353,cd18fcbf,2025-01-16 16:49:19+00:00
354,354,041a6e2b,2019-11-10 14:30:58+00:00
355,355,cb6119c0,2024-01-16 10:59:33+00:00
356,356,bb82b6c7,2020-06-26 13:41:05+00:00
357,357,f0bcbca1,2024-05-04 13:46:49+00:00
358,358,3372e3c6,2021-12-20 09:44:07+00:00
359,359,433da870,2025-01-04 10:00:36+00:00
360,360,ae8934e6,2023-03-03 15:50:19+00:00
361,361,b1f60a4f,2025-03-06 16:33:04+00:00
362,362,0641f57b,2020-02-02 08:31:36+00:00
363,363,8a9c39f1,2024-05-10 14:18:59+00:00
364,364,21cf9bec,2024-01-26 13:45:11+00:00
365,365,2ede550f,2020-12-05 08:42:50+00:00
366,366,3210da63,2021-01-04 13:13:21+00:00
367,367,3f5924d5,2018-10-06 08:56:46+00:00
368,368,656d3eb8,2023-01-20 06:16:12+00:00
369,369,f9397a5f,2024-10-30 08:18:48+00:00
370,370,d28f0497,2021-10-20 09:40:32+00:00
371,371,75b86112,2021-07-24 02:22:17+00:00
372,372,cec2bd2f,2021-07-31 13:08:11+00:00
373,373,90479d57,2023-11-07 14:42:12+00:00
374,374,626072cf,2018-10-06 08:56:46+00:00
375,375,73642ccd,2021-07-23 12:43:42+00:00
376,376,807b69f2,2020-01-24 07:41:19+00:00
377,377,69a4af95,2021-03-05 05:19:33+00:00
378,378,8babd664,2021-11-21 10:45:28+00:00
379,379,a94822ff,2018-12-28 06:22:15+00:00
380,380,6bb027a6,2021-03-13 12:29:02+00:00
381,381,41573c7b,2023-02-24 12:47:18+00:00
382,382,4262b502,2024-02-08 10:27:17+00:00
383,383,840f78a5,2025-08-20 08:22:39+00:00
384,384,db94bdc1,2023-08-22 13:29:57+00:00
385,385,2b235ac4,2020-11-02 03:32:20+00:00
386,386,565b861e,2020-08-19 03:53:01+00:00
387,387,d51c2898,2023-04-14 12:38:44+00:00
388,388,98117ea7,2025-08-11 08:11:32+00:00
389,389,bb9a3eaf,2020-04-23 08:12:18+00:00
390,390,834981fd,2020-01-31 15:12:59+00:00
391,391,973bb4a8,2024-12-19 09:04:56+00:00
392,392,47a881ae,2023-10-18 18:31:58+00:00
393,393,e5a7fd19,2022-07-10 13:49:46+00:00
394,394,1953ec0a,2023-06-12 06:51:29+00:00
395,395,dcc8372c,2021-08-21 00:55:10+00:00
396,396,811c5065,2023-07-13 03:42:20+00:00
397,397,93d7331f,2024-08-21 13:49:13+00:00
398,398,41cc4c8a,2018-10-06 08:56:46+00:00
399,399,a717c21d,2021-06-24 03:54:07+00:00
400,400,7100827c,2019-10-01 13:49:57+00:00
401,401,35dc312f,2023-11-06 05:04:19+00:00
402,402,ed52a501,2020-12-26 08:18:28+00:00
403,403,07d802b7,2021-03-04 15:44:49+00:00
404,404,f951a1e7,2023-12-02 09:13:51+00:00
405,405,a58030bc,2023-11-04 18:02:52+00:00
406,406,14018833,2020-03-26 08:40:03+00:00
407,407,88196700,2020-09-25 05:50:29+00:00
408,408,c49ec72e,2019-10-26 05:22:39+00:00
409,409,47901695,2021-08-28 16:02:43+00:00
410,410,abe4cb2d,2025-05-22 08:24:47+00:00
411,411,9f6d7323,2020-03-26 08:24:45+00:00
412,412,8eefad5b,2020-09-14 09:10:12+00:00
413,413,6a992a74,2020-08-31 17:41:11+00:00
414,414,481820e6,2020-09-06 10:27:21+00:00
415,415,0135d8a8,2024-08-13 06:50:37+00:00
416,416,cf92f49e,2020-07-03 02:30:31+00:00
417,417,c66e498c,2025-04-24 07:06:11+00:00
418,418,4e8aafc2,2021-02-09 13:11:22+00:00
419,419,727c94e0,2019-10-04 16:17:43+00:00
420,420,ad56d890,2020-03-19 09:27:00+00:00
421,421,688367ae,2024-10-15 18:57:01+00:00
422,422,ba9cbeb5,2020-02-02 12:53:23+00:00
423,423,db07e173,2021-05-08 09:25:02+00:00
424,424,c9fee307,2020-03-29 14:11:08+00:00
425,425,4655c6f0,2022-09-11 12:10:00+00:00
426,426,7733125b,2023-07-25 14:03:28+00:00
427,427,cdf40dad,2018-10-06 08:56:46+00:00
428,428,e902fb23,2020-10-05 17:01:39+00:00
429,429,290b8cb5,2020-11-03 01:32:00+00:00
430,430,3d364450,2021-02-09 08:15:30+00:00
431,431,2cba0e50,2025-03-06 16:32:59+00:00
432,432,4c01315c,2020-10-08 05:30:25+00:00
433,433,fe80bf9a,2020-11-28 17:17:35+00:00
434,434,7d5f0577,2021-06-29 06:55:34+00:00
435,435,a413b23b,2020-06-06 14:28:01+00:00
436,436,e9ec99b4,2021-10-24 14:32:39+00:00
437,437,94dde0a4,2018-12-22 13:26:45+00:00
438,438,f70267f3,2024-11-28 18:29:19+00:00
439,439,d5243c4a,2024-05-01 14:44:08+00:00
440,440,39056d69,2021-04-17 11:29:38+00:00
441,441,40860e9c,2021-03-05 01:54:40+00:00
442,442,7bcbcaf5,2024-05-25 11:04:13+00:00
443,443,9e4805dd,2020-08-27 14:35:15+00:00
444,444,35a43f31,2019-10-19 04:15:30+00:00
445,445,bd30064e,2020-03-19 09:10:07+00:00
446,446,d7149d08,2024-12-19 04:41:43+00:00
447,447,d2a6e2fb,2023-03-30 08:44:37+00:00
448,448,f339425f,2021-02-06 13:47:23+00:00
449,449,6ac7712b,2020-11-16 12:07:53+00:00
450,450,0c94204e,2024-10-17 08:42:15+00:00
451,451,b591bf19,2022-01-07 12:44:22+00:00
452,452,aa5d5f31,2023-11-15 16:11:45+00:00
453,453,9a7223b9,2018-10-06 08:56:46+00:00
454,454,a9287d8b,2021-08-30 02:14:17+00:00
455,455,d9865da1,2024-05-07 09:33:22+00:00
456,456,ea2ecc26,2024-01-20 17:48:20+00:00
457,457,f18f66ff,2020-03-20 08:39:49+00:00
458,458,e62521c7,2023-03-03 11:55:36+00:00
459,459,3f788e56,2021-09-11 02:59:25+00:00
460,460,d4f90274,2023-05-09 10:07:17+00:00
461,461,33a153f4,2024-09-19 16:15:31+00:00
462,462,bc6f8eae,2020-01-31 15:09:04+00:00
463,463,c275d80e,2025-01-17 18:15:53+00:00
464,464,478922b3,2025-11-02 05:10:22+00:00
465,465,f623de2c,2020-11-03 01:48:27+00:00
466,466,2d40cefd,2019-10-22 12:30:00+00:00
467,467,82417acd,2021-08-14 09:34:56+00:00
468,468,485eb5f3,2022-04-01 09:43:19+00:00
469,469,60cea091,2021-10-18 06:17:01+00:00
470,470,89893377,2024-04-09 14:45:56+00:00
471,471,d8cbe71b,2021-03-11 11:01:38+00:00
472,472,46043653,2021-05-20 18:15:24+00:00
473,473,5ce164c0,2025-12-06 04:08:16+00:00
474,474,fbe535b6,2023-01-21 07:17:31+00:00
475,475,44b490b8,2019-09-07 07:00:02+00:00
476,476,446afdcf,2020-12-10 16:01:19+00:00
477,477,cef9503f,2024-12-16 06:10:28+00:00
478,478,c2b36620,2020-11-15 01:55:37+00:00
479,479,1ca9f8e9,2019-10-26 03:24:16+00:00
480,480,ff0ae43e,2019-10-26 04:36:05+00:00
481,481,194bbcdc,2020-06-12 09:26:04+00:00
482,482,d409329c,2024-11-13 15:35:34+00:00
483,483,fb6e533b,2020-06-01 03:12:24+00:00
484,484,6505d85a,2023-01-26 13:36:03+00:00
485,485,aad43231,2024-08-22 05:33:17+00:00
486,486,8bd7ff3d,2023-11-09 18:02:59+00:00
487,487,2b895e14,2024-05-01 14:39:58+00:00
488,488,63a57700,2023-03-03 16:00:59+00:00
489,489,53bad5bf,2024-12-30 09:31:34+00:00
490,490,96ea4c3b,2022-06-04 16:31:55+00:00
491,491,14aff7ce,2020-11-29 01:40:51+00:00
492,492,db4c2fbe,2021-04-11 16:49:12+00:00
493,493,4788034a,2023-07-25 04:20:37+00:00
494,494,62855cb2,2021-06-25 16:57:24+00:00
495,495,c31761cb,2021-12-11 11:22:30+00:00
496,496,9f230f9c,2022-11-26 05:43:50+00:00
497,497,53b6cbb0,2025-10-03 08:11:03+00:00
498,498,41ba356f,2023-02-20 06:55:42+00:00
499,499,136ced5e,2021-06-30 16:25:31+00:00
500,500,4d72f8ad,2021-03-01 04:10:52+00:00
501,501,0b3cee26,2022-10-10 11:40:19+00:00
502,502,9ee29997,2018-10-06 08:56:46+00:00
503,503,243108bb,2020-02-20 07:56:13+00:00
504,504,07c9a150,2021-06-25 03:05:12+00:00
505,505,f0f414f2,2023-07-14 17:33:46+00:00
506,506,aa1d668a,2018-10-06 08:56:46+00:00
507,507,3d658384,2025-03-07 05:15:18+00:00
508,508,158df529,2019-09-30 13:56:56+00:00
509,509,77b8e15e,2020-01-11 04:27:00+00:00
510,510,f84dc0b3,2018-12-28 06:22:15+00:00
511,511,d8e8bcfe,2018-12-22 13:26:45+00:00
512,512,acf42c1c,2023-06-25 11:57:20+00:00
513,513,1ed041d8,2021-01-03 08:17:20+00:00
514,514,e889a1a2,2021-09-23 09:24:25+00:00
515,515,c005adc5,2019-09-17 06:36:21+00:00
516,516,6895a7b5,2020-07-13 04:18:36+00:00
517,517,b9c90892,2020-04-13 09:06:30+00:00
518,518,92adcc09,2021-08-30 02:17:00+00:00
519,519,68b6a0c8,2021-06-10 15:16:22+00:00
520,520,9305feec,2021-03-19 10:06:15+00:00
521,521,0c2b6ad7,2020-07-26 01:12:04+00:00
522,522,38645632,2018-10-06 08:56:46+00:00
523,523,e58eb8f8,2021-05-07 13:48:26+00:00
524,524,d16ec7d2,2023-07-23 13:07:47+00:00
525,525,325a6d9f,2021-03-19 01:23:57+00:00
526,526,3900752e,2020-10-06 14:00:39+00:00
527,527,a392ce9d,2021-09-24 15:05:37+00:00
528,528,52fb2755,2022-01-31 06:11:27+00:00
529,529,1739a284,2019-11-15 14:52:02+00:00
530,530,4c967423,2020-10-01 04:48:32+00:00
531,531,78c14ac0,2023-12-30 09:05:05+00:00
532,532,14595eb6,2023-04-14 12:38:38+00:00
533,533,7a56628c,2021-10-09 05:32:17+00:00
534,534,e1c5566e,2025-11-20 09:21:23+00:00
535,535,523b63b0,2021-02-10 14:07:25+00:00
536,536,dbfeafa8,2021-10-05 14:01:18+00:00
537,537,3f9d91a0,2025-04-06 08:25:45+00:00
538,538,6192926a,2019-10-31 12:14:10+00:00
539,539,43169645,2023-06-30 16:17:47+00:00
540,540,abe86cfd,2024-10-12 08:14:03+00:00
541,541,dbbbce0e,2020-11-12 05:07:46+00:00
542,542,f8b08e6d,2021-04-22 15:32:51+00:00
543,543,6a2c8310,2022-05-15 03:46:55+00:00
544,544,cec3b2b5,2021-01-06 04:33:47+00:00
545,545,28203e1d,2024-07-21 13:17:33+00:00
546,546,f8c4125a,2021-03-05 01:05:47+00:00
547,547,6b187ef5,2025-04-14 14:55:31+00:00
548,548,f79fb6a4,2018-10-06 08:56:46+00:00
549,549,a7d665b3,2025-08-19 09:10:31+00:00
550,550,39479d50,2021-06-05 06:16:07+00:00
551,551,3ae3ea7d,2024-04-11 14:33:18+00:00
552,552,4d9eee6b,2025-08-03 17:27:24+00:00
553,553,1e9c7e9b,2023-02-15 09:09:05+00:00
554,554,b2fa5acd,2023-11-14 16:01:40+00:00
555,555,04b48441,2025-02-27 17:07:30+00:00
556,556,9535fc3b,2022-12-10 08:25:44+00:00
557,557,e7185d8b,2019-11-10 08:34:56+00:00
558,558,a30b7887,2023-07-24 10:58:40+00:00
559,559,e86ab739,2025-08-18 06:49:13+00:00
560,560,434c3ec6,2025-01-04 12:44:59+00:00
561,561,16034596,2025-01-16 16:56:59+00:00
562,562,ebd055e4,2018-12-03 13:06:27+00:00
563,563,baeb4a8f,2022-05-13 02:00:15+00:00
564,564,c2726c26,2018-09-22 03:36:46+00:00
565,565,b58d2685,2023-06-04 12:52:22+00:00
566,566,ec8dee3d,2021-07-14 12:51:08+00:00
567,567,156145b8,2020-06-12 15:31:49+00:00
568,568,3c6d9547,2020-05-16 08:56:22+00:00
569,569,3d221b0b,2023-06-09 15:11:31+00:00
570,570,d2a8ae39,2021-07-04 01:23:28+00:00
571,571,54197564,2020-05-31 03:07:32+00:00
572,572,a69f5717,2024-12-22 14:45:05+00:00
573,573,0e39d8e5,2025-06-17 09:31:09+00:00
574,574,c82ade54,2018-12-28 06:22:15+00:00
575,575,345f4336,2023-12-20 07:34:00+00:00
576,576,8584ebe8,2021-09-23 14:03:55+00:00
577,577,7e9e2493,2025-07-29 17:14:44+00:00
578,578,19a0baaa,2021-07-31 13:00:56+00:00
579,579,76e0d446,2023-02-25 05:33:06+00:00
